id;name;handle
ff701d40-0e91-4de6-8c1a-dcb11b0aca7a;prudent;yuck
6aab85d6-2cd7-4908-b838-f4617ec4c071;highly onto;who unless aw
88308bd5-2b5e-42d4-876a-90f62c3dbb8e;or fanlight;underneath real
0de57d26-0595-4a91-9f32-2028d1be948f;winnow furthermore;despite versus toward
48f0cc0f-feec-4e5a-9e76-7ad8367f9225;than noisily cancel;abnormally veto
106a9257-a586-4a2a-ae7d-1de9b8e2989e;whoever midst;italicise moonlight or
6242e313-47bb-400a-8d29-a05d6837e743;or where searchingly;meh finally
c419c296-3b57-4500-9836-686cbce00b7f;coinsurance joyously before;generally
e896a2b0-3d1d-4dfa-a3eb-a3d63a36e747;reason;concerning gadzooks
05e3954c-f88a-4dae-8362-260f033cf197;ferociously potable even;forceful supposing musty
