id;name
ffc5b0c0-10ce-4188-a924-47d7be2b0d89;loyally unnatural because
3976a44d-843d-4a3c-97ba-d71ba528e52d;likewise lime
e3e568fb-aa58-4203-b804-3a90a15cbf1b;aw
379df89b-74e9-4192-86ac-e910ef2455eb;toward
2e2cfdcc-d1a6-4370-9928-f5e2c778dd97;towel outside
8c34978c-44c2-4794-851a-616712c493ac;registry stained
d444e990-75fd-4118-bbf6-dffc6b3ed41d;where hmph fiercely
399a83b6-ae1f-4232-96da-40983e0b6aa5;bah because ah
0a2467e1-e459-4422-8987-be6948ee7018;bare
deb7effc-0795-42c4-a98a-d62425dcf841;inquisitively
