id;login
2d0e0ff9-d993-4607-a49b-129ac476c200;gosh ignite inquisitively
7712ae96-354f-4240-bedb-5a19e0f1628f;enormously fast fooey
9fd8351e-3274-4355-80d8-12d5ab4abaaf;ew promise bah
8057c23d-0e0e-4b03-94db-29bb8ac5b806;sashayX
3408d99e-3fc9-48fd-9992-2ddc041772c2;untrue while
0beb3e0c-96e7-45b4-9fea-114d8fa83d52;phewXXX
4f96bde7-49b1-4769-803c-bef8952ead07;ick flu pish
d50407ae-4275-40da-8703-1e30cc34af3b;frozen profitable
825c24bd-05f8-4f95-b912-637bbdd8b5d0;jumbo pish pro
4f375402-52ae-407f-b32b-2a5cf9aa6464;ordinary sleet edible
