id;name;description;name_embedding;name_embedding_content_type;description_embedding;description_embedding_content_type
890bab40-56a7-44c2-82b9-ed3637347621;smooth;ack;;image/png;;image/png
5ab496e2-2a03-41e6-957c-fbf68057668c;unless past especially;cap mid;;image/png;;image/png
deaf5231-4f22-4b2a-b346-9374d92d3080;vacantly tightly;as;;image/png;;image/png
df5f4778-76af-4066-b565-c38785bfe9e2;frantically however foolish;or;;image/png;;image/png
f0e137cc-c7bd-40cb-9c14-23edfbd457a4;gee;lean;;image/png;;image/png
ca3f8f70-268b-401e-833c-8338dae605d3;multicolored pfft;aw clamp;;image/png;;image/png
97397828-70ba-4e93-982a-f5b230345b67;energetically discontinue;chunder beyond;;image/png;;image/png
aa7a903e-766c-4fde-a9c2-7f516c98b464;maestro sediment;character;;image/png;;image/png
7eee343c-70df-44f0-986b-1f7cc8d54ba4;provided;uh-huh rue anenst;;image/png;;image/png
ac5875ab-4396-452b-bb74-3e86a6c2be77;considering;an how;;image/png;;image/png
a025bb2c-961c-429c-922a-fe5404445d85;handy instructive well;floodlight cycle steak;;image/png;;image/png
426af761-52ce-429f-9837-b683de20af34;finally;sermon qua;;image/png;;image/png
6abd3563-c23c-4a85-9184-78fe08d37269;zowie;conclude;;image/png;;image/png
762ceaae-ec12-458f-9ee9-0b05e49e4bf6;intensely;conceal;;image/png;;image/png
e0925262-9b33-4372-aaff-ea41686ceaaf;versus;whoever;;image/png;;image/png
3e5b022c-dd99-4f53-989b-4dc1b0f27cd7;pleasing times;generously prance;;image/png;;image/png
de276391-6021-401d-8e74-27e4a3f6d5dd;culture except which;mobilise;;image/png;;image/png
9a6f8a60-340c-46ee-92ab-ea85db1ffe0d;repentant;yowza ew idolized;;image/png;;image/png
a35a30e9-b1c5-418c-900b-34d7659f69cb;blah who when;meanwhile monthly;;image/png;;image/png
908fc133-e145-49b9-9440-e210c3b2e5bd;awful phooey;barring wherever;;image/png;;image/png
e2b65d5a-0096-4d9b-b2e4-d35842aec772;whose;instead;;image/png;;image/png
ff4f5c79-0873-4690-bfc8-8345b040574a;positively;gee;;image/png;;image/png
fa38ec77-a521-4052-8a30-31adf8515f06;athwart;suspiciously woot;;image/png;;image/png
a3f16eeb-1b86-4f5d-9d95-dc974ebbd02b;glider immense;bleakly as than;;image/png;;image/png
82db5c22-6da1-406b-a441-1059546b9c7a;near culture;zowie confirm;;image/png;;image/png
2487acf3-0175-4a64-8d89-9fffbf57ae2d;grandson wonderfully;gosh;;image/png;;image/png
11aa39d7-8a1b-422c-9f18-4a1a74162b15;unibody since afford;cauliflower;;image/png;;image/png
e7f55640-e288-4a47-b41c-34d0e83d9a72;exotic ugh;broadly terraform;;image/png;;image/png
3c6c2109-40a9-4a8b-8355-365f9a52dadf;as untrue excess;questioningly surface over;;image/png;;image/png
881febc3-bbba-4821-b41b-c6beb6642af0;gymnast;flat near;;image/png;;image/png
