id;file_name;file_extension;create_date;file;file_content_type;approved
47ee4a20-696a-411a-b000-caa2425f08b8;furiously dead willfully;wherever s;2026-03-25T12:25:41;../fake-data/blob/hipster.png;image/png;false
fa1ed13b-f1b5-411a-ace9-9b52bd5c250e;gosh;to;2026-03-25T14:56:49;../fake-data/blob/hipster.png;image/png;true
27b6b88d-1148-472c-ad5b-4ab9fc69de18;abaft;well-groom;2026-03-25T18:32:16;../fake-data/blob/hipster.png;image/png;true
68c1c9ef-a31d-447b-8361-7915a9788a42;mill;tray aw ps;2026-03-25T14:59:01;../fake-data/blob/hipster.png;image/png;true
a02f46e5-7fb5-4e01-89dd-79b7020125ba;profane;opposite;2026-03-25T19:03:56;../fake-data/blob/hipster.png;image/png;true
8230c1c2-21e6-4a0f-910b-7c7cff6fd9ff;sweetly;middle liv;2026-03-25T22:12:28;../fake-data/blob/hipster.png;image/png;true
786d8abb-28f1-48d7-a485-6d6cc8b8e7d5;after;quarrelsom;2026-03-26T01:13:24;../fake-data/blob/hipster.png;image/png;true
ebc0b9f0-a1d6-4861-9977-10dc870d8c84;although efface;well amids;2026-03-25T23:31:52;../fake-data/blob/hipster.png;image/png;false
b348480b-0176-47cb-b25b-02bf5254ae34;boldly though anenst;times;2026-03-25T04:29:42;../fake-data/blob/hipster.png;image/png;false
06151de7-1bf5-4655-9cc9-2482634a5e6e;bewail repeatedly;tepid beca;2026-03-26T00:48:07;../fake-data/blob/hipster.png;image/png;true
6c4556b9-d26a-4f20-ab75-4121527714b4;chubby;tightly;2026-03-25T16:10:50;../fake-data/blob/hipster.png;image/png;true
60adb68f-eba4-4bf2-85e2-6137e887ae67;consequently;aha accomp;2026-03-25T10:57:33;../fake-data/blob/hipster.png;image/png;true
4a87402b-2d31-4859-9d1d-3c31f973fa00;lest deflate provision;scent deep;2026-03-26T02:28:03;../fake-data/blob/hipster.png;image/png;true
7a591865-9ec3-4223-ba84-f7573c33f173;blaring savour quizzically;ah silky e;2026-03-25T10:45:32;../fake-data/blob/hipster.png;image/png;true
51f4eac4-40bf-47b6-866c-dd7bc0eff335;formula;burdensome;2026-03-25T17:14:45;../fake-data/blob/hipster.png;image/png;false
4c2bfc42-a53a-4288-87ea-8e761c4adc6a;meaningfully;usually wh;2026-03-25T18:39:38;../fake-data/blob/hipster.png;image/png;false
0d7b9bb4-5007-463a-b5d2-8f4cb193bee2;uh-huh even;who;2026-03-25T22:41:50;../fake-data/blob/hipster.png;image/png;true
0dbfe3fb-8e3e-4d91-8664-9de3345eae92;carp anti;meh whoeve;2026-03-25T05:12:09;../fake-data/blob/hipster.png;image/png;true
c334179b-9caf-4bbd-a387-1aad3c83e2e2;crank replacement excepting;egg veloci;2026-03-25T16:41:51;../fake-data/blob/hipster.png;image/png;false
e1d9164c-a07d-40df-aa3d-3cf1ff80d6d7;grandson doing crackle;sans vibra;2026-03-25T11:03:04;../fake-data/blob/hipster.png;image/png;false
7db3c47e-628c-4820-a2e9-7865ca2df793;except;drat kiss;2026-03-25T11:57:11;../fake-data/blob/hipster.png;image/png;false
22fcf19a-63d7-4bf3-8c67-fd4755ac3431;quip buzzing;before ado;2026-03-25T07:45:57;../fake-data/blob/hipster.png;image/png;true
5fe31da5-7a36-4da0-819b-c0da14188b46;rural;enrage tre;2026-03-25T21:38:24;../fake-data/blob/hipster.png;image/png;false
09898cb5-9b07-4df0-b945-5d0834b597dc;uh-huh camouflage ew;meh;2026-03-26T00:14:51;../fake-data/blob/hipster.png;image/png;false
6095dd2a-aec2-40c3-a1aa-82041f9e5c56;solemnly alongside;loyally vi;2026-03-25T06:45:55;../fake-data/blob/hipster.png;image/png;false
05d65bdb-e94d-40e0-9156-77e343e12499;goodwill scratch;more;2026-03-25T16:12:23;../fake-data/blob/hipster.png;image/png;true
67db3688-4dbe-469a-b885-72c7ccc4b390;schlep mmm;bad as;2026-03-25T04:37:20;../fake-data/blob/hipster.png;image/png;false
b98f9c57-8e3d-4e4f-9f33-9d0e87582a77;step-mother;reassuring;2026-03-25T18:31:10;../fake-data/blob/hipster.png;image/png;false
52a231e8-d99f-4884-8a75-fb9827161a5e;the worth;aside afte;2026-03-25T14:33:43;../fake-data/blob/hipster.png;image/png;false
e7023833-715c-426b-b547-d2c0c4810b10;ick;from psst;2026-03-25T06:05:41;../fake-data/blob/hipster.png;image/png;false
